/*
SQLyog Community v13.2.0 (64 bit)
MySQL - 10.4.32-MariaDB : Database - db_project_pad
*********************************************************************
*/

/*!40101 SET NAMES utf8 */;

/*!40101 SET SQL_MODE=''*/;

/*!40014 SET @OLD_UNIQUE_CHECKS=@@UNIQUE_CHECKS, UNIQUE_CHECKS=0 */;
/*!40014 SET @OLD_FOREIGN_KEY_CHECKS=@@FOREIGN_KEY_CHECKS, FOREIGN_KEY_CHECKS=0 */;
/*!40101 SET @OLD_SQL_MODE=@@SQL_MODE, SQL_MODE='NO_AUTO_VALUE_ON_ZERO' */;
/*!40111 SET @OLD_SQL_NOTES=@@SQL_NOTES, SQL_NOTES=0 */;
CREATE DATABASE /*!32312 IF NOT EXISTS*/`db_project_pad` /*!40100 DEFAULT CHARACTER SET utf8mb4 COLLATE utf8mb4_general_ci */;

USE `db_project_pad`;

/*Table structure for table `bills` */

DROP TABLE IF EXISTS `bills`;

CREATE TABLE `bills` (
  `BILL_ID` varchar(18) NOT NULL,
  `ROOM_ID` varchar(5) NOT NULL,
  `VOUCHER_ID` varchar(12) DEFAULT NULL,
  `STAFF_ID` varchar(4) NOT NULL,
  `CUSTOMER_ID` varchar(16) NOT NULL,
  `CHECKIN_DATE` datetime DEFAULT NULL,
  `CHECKOUT_DATE` datetime DEFAULT NULL,
  `ACTUAL_CHECKOUT_DATE` datetime DEFAULT NULL,
  `BILL_TOTAL` double NOT NULL,
  `BILL_GRANDTOTAL` double NOT NULL,
  `BILL_STATUS` tinyint(1) NOT NULL,
  PRIMARY KEY (`BILL_ID`),
  KEY `FK_RELATIONSHIP_1` (`CUSTOMER_ID`),
  KEY `FK_RELATIONSHIP_2` (`ROOM_ID`),
  KEY `FK_RELATIONSHIP_5` (`STAFF_ID`),
  FULLTEXT KEY `FK_RELATIONSHIP_6` (`VOUCHER_ID`),
  CONSTRAINT `FK_RELATIONSHIP_1` FOREIGN KEY (`CUSTOMER_ID`) REFERENCES `customers` (`CUSTOMER_ID`),
  CONSTRAINT `FK_RELATIONSHIP_2` FOREIGN KEY (`ROOM_ID`) REFERENCES `rooms` (`ROOM_ID`),
  CONSTRAINT `FK_RELATIONSHIP_5` FOREIGN KEY (`STAFF_ID`) REFERENCES `staffs` (`STAFF_ID`),
  CONSTRAINT `FK_RELATIONSHIP_6` FOREIGN KEY (`VOUCHER_ID`) REFERENCES `vouchers` (`VOUCHER_ID`)
) ENGINE=InnoDB DEFAULT CHARSET=utf8mb4 COLLATE=utf8mb4_general_ci;

/*Data for the table `bills` */

insert  into `bills`(`BILL_ID`,`ROOM_ID`,`VOUCHER_ID`,`STAFF_ID`,`CUSTOMER_ID`,`CHECKIN_DATE`,`CHECKOUT_DATE`,`ACTUAL_CHECKOUT_DATE`,`BILL_TOTAL`,`BILL_GRANDTOTAL`,`BILL_STATUS`) values 
('NOTA18052024183318','A0102','DSC0001','S002','3578111212990002','2024-05-18 18:33:18','2024-05-19 11:55:10',NULL,215000,465000,0),
('NOTA19052024132012','A0101',NULL,'S002','3578111212990002','2024-05-19 13:20:12','2024-05-26 11:38:36','2024-05-19 14:45:49',540000,1040000,0),
('NOTA19052024165910','A0103',NULL,'S002','3578111212990002','2024-05-19 16:59:10','2024-05-19 22:40:42',NULL,1050000,1050000,0),
('NOTA20052024030849','A0101',NULL,'S002','3578451107040005','2024-05-20 03:08:49','2024-05-20 03:12:29',NULL,765000,2015000,0),
('NOTA20052024125742','A0102',NULL,'S002','3578451107040005','2024-05-20 12:57:42','2024-05-20 14:44:52',NULL,725000,3475000,0),
('NOTA20052024144605','A0110',NULL,'S002','3578451107040005','2024-05-20 14:46:05','2024-05-20 14:46:37',NULL,1312500,3312500,0),
('NOTA20052024144758','A0106',NULL,'S002','3578871212990002','2024-05-20 14:47:58','2024-05-20 14:48:03',NULL,225000,225000,0),
('NOTA20052024145242','A0103',NULL,'S002','3578111212990002','2024-05-20 14:52:42','2024-05-20 14:53:06',NULL,150000,150000,0),
('NOTA20052024145246','A0106',NULL,'S002','3578451107040005','2024-05-20 14:52:46','2024-05-20 14:54:24',NULL,225000,225000,0),
('NOTA20052024145251','A0105',NULL,'S002','3578451107040005','2024-05-20 14:52:51','2024-05-20 14:58:37',NULL,200000,200000,0),
('NOTA20052024145256','A0107',NULL,'S002','3578641212990001','2024-05-20 14:52:56','2024-05-20 15:00:12',NULL,250000,250000,0),
('NOTA20052024150050','A0101',NULL,'S002','3578111212990002','2024-05-20 15:00:50','2024-05-20 15:00:54',NULL,100000,100000,0),
('NOTA20052024150455','A0103',NULL,'S002','3578451107040005','2024-05-20 15:04:55','2024-05-20 15:05:01',NULL,150000,150000,0),
('NOTA20052024150549','A0105',NULL,'S002','3578641212990001','2024-05-20 15:05:49','2024-05-20 15:05:53',NULL,200000,200000,0),
('NOTA20052024150801','A0105',NULL,'S002','3578111212990002','2024-05-20 15:08:01','2024-05-20 15:08:05',NULL,200000,200000,0),
('NOTA20052024151051','A0104',NULL,'S002','3578641212990001','2024-05-20 15:10:51','2024-05-20 15:14:14',NULL,175000,175000,0),
('NOTA20052024151054','A0103',NULL,'S002','3578641212990001','2024-05-20 15:10:54','2024-05-20 15:11:06',NULL,150000,150000,0),
('NOTA20052024151102','A0106',NULL,'S002','3578641212990001','2024-05-20 15:11:02','2024-05-20 15:13:52',NULL,225000,225000,0),
('NOTA20052024151440','A0103',NULL,'S002','3578871212990002','2024-05-20 15:14:40','2024-05-20 15:14:48',NULL,150000,150000,0),
('NOTA20052024151750','A0105',NULL,'S002','3578641212990001','2024-05-20 15:17:50','2024-05-20 15:18:03',NULL,200000,200000,0),
('NOTA20052024151756','A0104',NULL,'S002','3578111212990002','2024-05-20 15:17:56','2024-05-20 16:33:47',NULL,175000,175000,0),
('NOTA20052024163410','A0103',NULL,'S002','3578111212990002','2024-05-20 16:34:10','2024-05-20 16:34:16',NULL,150000,150000,0),
('NOTA20052024163522','A0102',NULL,'S002','3578451107040005','2024-05-20 16:35:22','2024-05-20 16:35:29',NULL,125000,125000,0),
('NOTA22052024192613','A0103',NULL,'S002','3578111212990002','2024-05-22 19:26:13','2024-05-22 19:27:09',NULL,175000,175000,0),
('NOTA22052024192835','A0105',NULL,'S002','3578871212990002','2024-05-22 19:28:35','2024-05-22 19:28:42',NULL,200000,200000,0),
('NOTA22052024193709','A0105',NULL,'S002','3578641212990001','2024-05-22 19:37:09','2024-05-22 19:37:12',NULL,200000,200000,0),
('NOTA22052024193803','A0102',NULL,'S002','3578111212990002','2024-05-22 19:38:03','2024-05-22 19:38:08',NULL,225000,225000,0),
('NOTA22052024193930','A0103',NULL,'S002','3578641212990001','2024-05-22 19:39:30','2024-05-22 19:39:42',NULL,150000,150000,0),
('NOTA22052024194144','A0103',NULL,'S002','3578641212990001','2024-05-22 19:41:44','2024-05-22 19:50:40',NULL,150000,150000,0),
('NOTA22052024194147','A0101',NULL,'S002','3578641212990001','2024-05-22 19:41:47','2024-05-22 19:44:00',NULL,100000,100000,0),
('NOTA22052024194150','A0105',NULL,'S002','3578111212990002','2024-05-22 19:41:50','2024-05-22 19:42:30',NULL,200000,200000,0),
('NOTA22052024194153','A0107',NULL,'S002','3578451107040005','2024-05-22 19:41:53','2024-05-22 19:42:01',NULL,250000,250000,0),
('NOTA25052024165440','A0101',NULL,'S002','3578111212990002','2024-05-25 16:54:40','2024-05-25 16:55:10',NULL,100000,100000,0),
('NOTA25052024165443','A0102',NULL,'S002','3578451107040005','2024-05-25 16:54:43','2024-05-25 16:57:09',NULL,125000,125000,0),
('NOTA25052024165447','A0103',NULL,'S002','3578641212990001','2024-05-25 16:54:47','2024-05-26 13:17:40',NULL,150000,150000,0),
('NOTA25052024165452','A0104',NULL,'S002','3578641212990001','2024-05-25 16:54:52','2024-05-26 13:18:07',NULL,175000,175000,0),
('NOTA26052024132929','A0102',NULL,'S002','3578111212990002','2024-05-26 13:29:29','2024-06-02 13:29:13','2024-05-26 14:13:24',875000,875000,0),
('NOTA26052024203930','A0102',NULL,'S002','3578111212990002','2024-05-26 20:39:30','2024-05-27 20:09:03','2024-05-26 21:31:39',598500,848500,0),
('NOTA26052024210807','A0103',NULL,'S002','3578451107040005','2024-05-26 21:08:07','2024-05-27 21:08:03','2024-05-26 21:09:03',150000,150000,0),
('NOTA26052024211127','A0103',NULL,'S002','3578871212990002','2024-05-26 21:11:27','2024-05-27 21:11:22','2024-05-26 21:11:35',150000,150000,0),
('NOTA26052024211439','A0107',NULL,'S002','3578871212990002','2024-05-26 21:14:39','2024-05-26 21:14:23','2024-05-26 21:16:49',250000,250000,0),
('NOTA26052024213313','A0102',NULL,'S002','3578111212990002','2024-05-26 21:33:13','2024-05-27 21:33:01','2024-05-26 21:33:26',225000,475000,0),
('NOTA26052024213556','A0105',NULL,'S002','3578871212990002','2024-05-26 21:35:56','2024-05-27 21:35:53','2024-05-26 21:44:44',200000,450000,0),
('NOTA26052024213559','A0104',NULL,'S002','3578871212990002','2024-05-26 21:35:59','2024-05-27 21:35:56','2024-05-26 21:36:51',175000,425000,0),
('NOTA26052024213605','A0103',NULL,'S002','3578641212990001','2024-05-26 21:36:05','2024-05-27 21:35:59','2024-05-26 21:43:48',150000,400000,0),
('NOTA26052024214336','A0104',NULL,'S002','3578641212990001','2024-05-26 21:43:36','2024-05-27 21:43:32','2024-05-26 21:46:21',175000,425000,0),
('NOTA26052024214722','A0102',NULL,'S002','3578871212990002','2024-05-26 21:47:22','2024-05-27 21:47:19','2024-05-26 21:47:42',125000,375000,0),
('NOTA26052024214851','A0103',NULL,'S002','3578451107040005','2024-05-26 21:48:51','2024-05-27 21:48:47','2024-05-26 21:49:06',150000,400000,0),
('NOTA26052024214947','A0103',NULL,'S002','3578871212990002','2024-05-26 21:49:47','2024-05-27 21:49:44','2024-05-26 21:50:08',150000,400000,0),
('NOTA26052024215509','A0104',NULL,'S002','3578451107040005','2024-05-26 21:55:09','2024-05-27 21:55:05','2024-05-26 21:55:50',175000,425000,0),
('NOTA26052024215655','A0103',NULL,'S002','3578641212990001','2024-05-26 21:56:55','2024-05-27 21:56:49','2024-05-26 21:59:35',150000,400000,0),
('NOTA26052024220019','A0106',NULL,'S002','3578641212990001','2024-05-26 22:00:19','2024-05-27 22:00:15','2024-05-26 22:00:25',225000,225000,0),
('NOTA26052024220107','A0103',NULL,'S002','3578641212990001','2024-05-26 22:01:07','2024-05-27 22:01:04','2024-05-26 22:01:18',150000,400000,0),
('NOTA26052024221213','A0103',NULL,'S002','3578111212990002','2024-05-26 22:12:13','2024-05-27 22:12:10','2024-05-26 22:12:19',150000,400000,0),
('NOTA26052024225855','A0102',NULL,'S002','3578451107040005','2024-05-26 22:58:55','2024-05-27 22:58:50','2024-05-26 22:59:06',125000,125000,0),
('NOTA26052024225900','A0103',NULL,'S002','3578641212990001','2024-05-26 22:59:00','2024-05-27 22:58:55','2024-05-26 22:59:26',150000,900000,0),
('NOTA26052024231349','A0103',NULL,'S002','3578451107040005','2024-05-26 23:13:49','2024-05-27 23:13:46','2024-05-26 23:13:53',150000,150000,0),
('NOTA26062024231349','A0101',NULL,'S002','3578451107040005','2024-06-06 23:13:49','2024-06-07 23:13:46','2024-05-08 16:10:37',125000,125000,0),
('NOTA28052024184032','A0102',NULL,'S002','3578111212990002','2024-05-28 18:40:32','2024-05-29 18:39:47','2024-05-29 19:33:21',575000,1575000,0),
('NOTA28052024192825','B0102',NULL,'S002','3578111212990002','2024-05-28 19:28:25','2024-05-29 19:26:20','2024-05-29 19:32:00',435000,685000,0);

/*Table structure for table `categories` */

DROP TABLE IF EXISTS `categories`;

CREATE TABLE `categories` (
  `CATEGORY_ID` varchar(3) NOT NULL,
  `CATEGORY_NAME` varchar(16) NOT NULL,
  PRIMARY KEY (`CATEGORY_ID`)
) ENGINE=InnoDB DEFAULT CHARSET=utf8mb4 COLLATE=utf8mb4_general_ci;

/*Data for the table `categories` */

insert  into `categories`(`CATEGORY_ID`,`CATEGORY_NAME`) values 
('C01','Basic'),
('C02','Basic+'),
('C03','Standard'),
('C04','Family'),
('C05','Family 6'),
('C06','President Suite '),
('C07','President Suite+'),
('C08','VIP'),
('C09','VVIP'),
('C10','Home-Like');

/*Table structure for table `customers` */

DROP TABLE IF EXISTS `customers`;

CREATE TABLE `customers` (
  `CUSTOMER_ID` varchar(16) NOT NULL,
  `CUSTOMER_NAME` varchar(64) NOT NULL,
  `CUSTOMER_ADDRESS` varchar(64) NOT NULL,
  `CUSTOMER_PHONE` varchar(13) NOT NULL,
  PRIMARY KEY (`CUSTOMER_ID`)
) ENGINE=InnoDB DEFAULT CHARSET=utf8mb4 COLLATE=utf8mb4_general_ci;

/*Data for the table `customers` */

insert  into `customers`(`CUSTOMER_ID`,`CUSTOMER_NAME`,`CUSTOMER_ADDRESS`,`CUSTOMER_PHONE`) values 
('3578111212990002','Catherine Wijaya','Jalan Rumah Mewah No 31 Surabaya','81325689425'),
('3578451107040005','Evan','Jalan Penuh Kenangan Blok KK No. 69','81245687529'),
('3578641212990001','Jonathan','Jalan Tiada Ujung No. 12','81258765953'),
('3578871212990002','Amelia','Jalan Ku Berbeda Dengannya No. 54','81276859205');

/*Table structure for table `d_bills` */

DROP TABLE IF EXISTS `d_bills`;

CREATE TABLE `d_bills` (
  `DBILL_ID` bigint(20) NOT NULL AUTO_INCREMENT,
  `FACILITY_ID` bigint(5) NOT NULL,
  `BILL_ID` varchar(18) NOT NULL,
  `QTY` tinyint(3) NOT NULL,
  PRIMARY KEY (`DBILL_ID`),
  KEY `DBILL_ID` (`DBILL_ID`),
  CONSTRAINT `FK_RELATIONSHIP_7` FOREIGN KEY (`FACILITY_ID`) REFERENCES `facilities` (`FACILITY_ID`)
) ENGINE=InnoDB AUTO_INCREMENT=27 DEFAULT CHARSET=utf8mb4 COLLATE=utf8mb4_general_ci;

/*Data for the table `d_bills` */

insert  into `d_bills`(`DBILL_ID`,`FACILITY_ID`,`BILL_ID`,`QTY`) values 
(1,1,'NOTA18052024183318',1),
(2,2,'NOTA19052024132012',1),
(3,4,'NOTA19052024132012',1),
(4,6,'NOTA19052024132012',1),
(5,1,'NOTA19052024165910',1),
(6,3,'NOTA19052024165910',4),
(7,2,'NOTA20052024030849',1),
(8,1,'NOTA20052024030849',1),
(9,1,'NOTA20052024125742',2),
(10,3,'NOTA20052024125742',2),
(11,8,'NOTA20052024144605',1),
(12,7,'NOTA20052024144605',1),
(13,5,'NOTA20052024144605',3),
(14,10,'NOTA20052024144605',1),
(15,16,'NOTA22052024192613',1),
(16,1,'NOTA22052024193803',1),
(17,3,'NOTA26052024203930',1),
(18,2,'NOTA26052024203930',2),
(19,4,'NOTA26052024203930',1),
(20,1,'NOTA26052024213313',1),
(21,16,'NOTA26062024231349',1),
(22,1,'NOTA28052024184032',1),
(23,2,'NOTA28052024184032',1),
(24,3,'NOTA28052024184032',1),
(25,5,'NOTA28052024192825',1),
(26,1,'NOTA28052024192825',1);

/*Table structure for table `d_fines` */

DROP TABLE IF EXISTS `d_fines`;

CREATE TABLE `d_fines` (
  `DFINE_ID` int(11) NOT NULL AUTO_INCREMENT,
  `FINE_ID` varchar(8) NOT NULL,
  `BILL_ID` varchar(18) NOT NULL,
  `ROOM_INVENTORY_ID` int(11) DEFAULT NULL,
  PRIMARY KEY (`DFINE_ID`),
  KEY `FK_RELATIONSHIP_3` (`FINE_ID`),
  CONSTRAINT `FK_RELATIONSHIP_3` FOREIGN KEY (`FINE_ID`) REFERENCES `fines` (`FINE_ID`) ON DELETE CASCADE
) ENGINE=InnoDB AUTO_INCREMENT=33 DEFAULT CHARSET=utf8mb4 COLLATE=utf8mb4_general_ci;

/*Data for the table `d_fines` */

insert  into `d_fines`(`DFINE_ID`,`FINE_ID`,`BILL_ID`,`ROOM_INVENTORY_ID`) values 
(1,'FINE0002','NOTA18052024183318',5),
(2,'FINE0003','NOTA19052024165910',13),
(3,'FINE0005','NOTA19052024165910',16),
(4,'FINE0002','NOTA19052024132012',1),
(5,'FINE0002','NOTA19052024132012',2),
(6,'FINE0002','NOTA20052024030849',1),
(7,'FINE0003','NOTA20052024030849',3),
(8,'FINE0002','NOTA20052024125742',5),
(9,'FINE0005','NOTA20052024125742',10),
(10,'FINE0003','NOTA20052024125742',8),
(11,'FINE0003','NOTA20052024125742',9),
(12,'FINE0003','NOTA20052024144605',89),
(13,'FINE0003','NOTA20052024144605',90),
(14,'FINE0006','NOTA26052024203930',0),
(15,'FINE0006','NOTA26052024213313',0),
(16,'FINE0006','NOTA26052024213559',0),
(17,'FINE0006','NOTA26052024213605',0),
(18,'FINE0006','NOTA26052024213556',0),
(19,'FINE0006','NOTA26052024214336',0),
(20,'FINE0006','NOTA26052024214722',0),
(21,'FINE0006','NOTA26052024214851',0),
(22,'FINE0006','NOTA26052024214947',0),
(23,'FINE0006','NOTA26052024215509',0),
(24,'FINE0006','NOTA26052024215655',0),
(25,'FINE0006','NOTA26052024220107',98),
(26,'FINE0006','NOTA26052024221213',98),
(27,'FINE0002','NOTA26052024225900',11),
(28,'FINE0005','NOTA26052024225900',16),
(29,'FINE0006','NOTA28052024192825',98),
(30,'FINE0006','NOTA28052024184032',98),
(31,'FINE0005','NOTA28052024184032',10),
(32,'FINE0006','NOTA28052024184032',98);

/*Table structure for table `facilities` */

DROP TABLE IF EXISTS `facilities`;

CREATE TABLE `facilities` (
  `FACILITY_ID` bigint(5) NOT NULL AUTO_INCREMENT,
  `FACILITY_NAME` varchar(32) NOT NULL,
  `PRICE` bigint(20) NOT NULL,
  PRIMARY KEY (`FACILITY_ID`)
) ENGINE=InnoDB AUTO_INCREMENT=17 DEFAULT CHARSET=utf8mb4 COLLATE=utf8mb4_general_ci;

/*Data for the table `facilities` */

insert  into `facilities`(`FACILITY_ID`,`FACILITY_NAME`,`PRICE`) values 
(1,'Extra Bed (Baby)',100000),
(2,'Extra Bed Single L',150000),
(3,'Extra Bed Single XL',200000),
(4,'Gym Room',40000),
(5,'Karaoke Room',30000),
(6,'Lunch',250000),
(7,'Lunch AYCE',100000),
(8,'Dinner AYCE',200000),
(9,'Extra Towel S',20000),
(10,'Extra Towel M',22500),
(11,'Extra Towel L',25000),
(12,'Extra Towel XL',27500),
(13,'Extra Towel XXL',30000),
(14,'Extra Blanket',20000),
(15,'Extra Blanket L',22500),
(16,'Extra Blanket XL',25000);

/*Table structure for table `fines` */

DROP TABLE IF EXISTS `fines`;

CREATE TABLE `fines` (
  `FINE_ID` varchar(8) NOT NULL,
  `FINE_NAME` varchar(32) NOT NULL,
  `FINE` bigint(20) NOT NULL,
  PRIMARY KEY (`FINE_ID`)
) ENGINE=InnoDB DEFAULT CHARSET=utf8mb4 COLLATE=utf8mb4_general_ci;

/*Data for the table `fines` */

insert  into `fines`(`FINE_ID`,`FINE_NAME`,`FINE`) values 
('FINE0001','Kerusakan Fasilitas Tambahan',100000),
('FINE0002','Kerusakan Fasilitas Default',250000),
('FINE0003','Kerusakan Elektronik Default',1000000),
('FINE0004','Kerusakan Elektronik Tambahan',2500000),
('FINE0005','Kerusakan Fasilitas Toilet',500000),
('FINE0006','Keterlambatan Check-Out',250000),
('FINE0007','Keterlambatan Check-In',250000),
('FINE0008','Merokok',150000);

/*Table structure for table `room_inventory` */

DROP TABLE IF EXISTS `room_inventory`;

CREATE TABLE `room_inventory` (
  `ROOM_INVENTORY_ID` int(11) NOT NULL AUTO_INCREMENT,
  `FINE_ID` varchar(8) NOT NULL,
  `ROOM_ID` varchar(5) DEFAULT NULL,
  `ROOM_INVENTORY_NAME` varchar(32) NOT NULL,
  PRIMARY KEY (`ROOM_INVENTORY_ID`),
  KEY `FK_RELATIONSHIP_10` (`ROOM_ID`),
  KEY `FK_RELATIONSHIP_11` (`FINE_ID`),
  CONSTRAINT `FK_RELATIONSHIP_10` FOREIGN KEY (`ROOM_ID`) REFERENCES `rooms` (`ROOM_ID`),
  CONSTRAINT `FK_RELATIONSHIP_11` FOREIGN KEY (`FINE_ID`) REFERENCES `fines` (`FINE_ID`) ON DELETE CASCADE
) ENGINE=InnoDB AUTO_INCREMENT=99 DEFAULT CHARSET=utf8mb4 COLLATE=utf8mb4_general_ci;

/*Data for the table `room_inventory` */

insert  into `room_inventory`(`ROOM_INVENTORY_ID`,`FINE_ID`,`ROOM_ID`,`ROOM_INVENTORY_NAME`) values 
(1,'FINE0002','A0101','Single Bed'),
(2,'FINE0002','A0101','Sofa'),
(3,'FINE0003','A0101','Samsung Smart TV 32 in'),
(4,'FINE0003','A0101','Philips Hair Dryer'),
(5,'FINE0002','A0102','Single Bed'),
(6,'FINE0002','A0102','Sofa'),
(7,'FINE0002','A0102','Dining Table'),
(8,'FINE0003','A0102','Samsung Smart TV 32 in'),
(9,'FINE0003','A0102','Philips Hair Dryer'),
(10,'FINE0005','A0102','Toiletries'),
(11,'FINE0002','A0103','Double Bed'),
(12,'FINE0002','A0103','Sofa'),
(13,'FINE0003','A0103','Samsung Smart TV 32 in'),
(14,'FINE0003','A0103','Television STB 4K UHD'),
(15,'FINE0003','A0103','Philips Hair Dryer'),
(16,'FINE0005','A0103','Toiletries'),
(17,'FINE0005','A0103','Bathtub'),
(18,'FINE0002','A0104','Double Bed'),
(19,'FINE0002','A0104','Sofa'),
(20,'FINE0003','A0104','Samsung Smart TV 43 in'),
(21,'FINE0002','A0104','Television STB 4K UHD'),
(22,'FINE0003','A0104','Philips Hair Dryer'),
(23,'FINE0005','A0104','Toiletries'),
(24,'FINE0005','A0104','Bathtub'),
(25,'FINE0002','A0105','King Size Bed'),
(26,'FINE0002','A0105','Sofa'),
(27,'FINE0003','A0105','Samsung Smart TV 43 in'),
(28,'FINE0002','A0105','Television STB 4K UHD'),
(29,'FINE0003','A0105','Philips Hair Dryer'),
(30,'FINE0005','A0105','Toiletries'),
(31,'FINE0005','A0105','Bathtub'),
(32,'FINE0002','A0106','King Size Bed'),
(33,'FINE0002','A0106','Queen Size Bed'),
(34,'FINE0002','A0106','Single Bed'),
(35,'FINE0002','A0106','Sofa'),
(36,'FINE0002','A0106','Kitchens'),
(37,'FINE0002','A0106','Dining Table'),
(38,'FINE0003','A0106','Samsung Smart TV QLED 70 in'),
(39,'FINE0003','A0106','Television STB 4K UHD'),
(40,'FINE0003','A0106','Philips Hair Dryer'),
(41,'FINE0005','A0106','Toiletries'),
(42,'FINE0005','A0106','Bathtub'),
(43,'FINE0002','A0107','King Size Bed'),
(44,'FINE0002','A0107','Queen Size Bed'),
(45,'FINE0002','A0107','Single Bed'),
(46,'FINE0002','A0107','Sofa'),
(47,'FINE0002','A0107','Kitchens'),
(48,'FINE0002','A0107','Dining Table'),
(49,'FINE0003','A0107','Samsung Smart TV QLED 70 in'),
(50,'FINE0003','A0107','Harman Kardon Onyx 7 Speaker'),
(51,'FINE0002','A0107','Television STB 4K UHD'),
(52,'FINE0003','A0107','Philips Hair Dryer'),
(53,'FINE0005','A0107','Toiletries'),
(54,'FINE0005','A0107','Bathtub'),
(55,'FINE0002','A0108','King Size Bed'),
(56,'FINE0002','A0108','Queen Size Bed'),
(57,'FINE0002','A0108','Single Bed'),
(58,'FINE0002','A0108','Sofa'),
(59,'FINE0002','A0108','Kitchens'),
(60,'FINE0002','A0108','Dining Table'),
(61,'FINE0003','A0108','Samsung Smart TV QLED 70 in'),
(62,'FINE0003','A0108','Harman Kardon Onyx 7 Speaker'),
(63,'FINE0003','A0108','Television STB 4K UHD'),
(64,'FINE0003','A0108','Philips Hair Dryer'),
(65,'FINE0005','A0108','Toiletries'),
(66,'FINE0005','A0108','Bathtub'),
(67,'FINE0005','A0108','Private Pool'),
(68,'FINE0002','A0109','King Size Bed'),
(69,'FINE0002','A0109','Queen Size Bed'),
(70,'FINE0002','A0109','Single Bed'),
(71,'FINE0002','A0109','Sofa'),
(72,'FINE0002','A0109','Kitchens'),
(73,'FINE0002','A0109','Dining Table'),
(74,'FINE0003','A0109','Samsung Smart TV QLED 70 in'),
(75,'FINE0003','A0109','Harman Kardon Onyx 7 Speaker'),
(76,'FINE0003','A0109','Television STB 4K UHD'),
(77,'FINE0003','A0109','Philips Hair Dryer'),
(78,'FINE0005','A0109','Toiletries'),
(79,'FINE0005','A0109','Bathtub'),
(80,'FINE0005','A0109','Private Pool'),
(81,'FINE0005','A0109','Private Jacuzzi'),
(82,'FINE0002','A0110','King Size Bed'),
(83,'FINE0002','A0110','Queen Size Bed'),
(84,'FINE0002','A0110','Single Bed'),
(85,'FINE0002','A0110','Sofa'),
(86,'FINE0002','A0110','Kitchens'),
(87,'FINE0002','A0110','Dining Table'),
(88,'FINE0002','A0110','Private Pet Cage'),
(89,'FINE0003','A0110','Samsung Smart TV QLED 70 in'),
(90,'FINE0003','A0110','Harman Kardon Onyx 7 Speaker'),
(91,'FINE0003','A0110','Private Home Theatre'),
(92,'FINE0003','A0110','Television STB 4K UHD'),
(93,'FINE0003','A0110','Philips Hair Dryer'),
(94,'FINE0005','A0110','Toiletries'),
(95,'FINE0005','A0110','Bathtub'),
(96,'FINE0005','A0110','Private Pool'),
(97,'FINE0005','A0110','Private Garden'),
(98,'FINE0006',NULL,'Terlambat');

/*Table structure for table `rooms` */

DROP TABLE IF EXISTS `rooms`;

CREATE TABLE `rooms` (
  `ROOM_ID` varchar(5) NOT NULL,
  `CATEGORY_ID` varchar(3) NOT NULL,
  `ROOM_PRICE` bigint(20) NOT NULL,
  `IS_USABLE` tinyint(1) NOT NULL,
  PRIMARY KEY (`ROOM_ID`),
  KEY `FK_RELATIONSHIP_9` (`CATEGORY_ID`),
  CONSTRAINT `FK_RELATIONSHIP_9` FOREIGN KEY (`CATEGORY_ID`) REFERENCES `categories` (`CATEGORY_ID`)
) ENGINE=InnoDB DEFAULT CHARSET=utf8mb4 COLLATE=utf8mb4_general_ci;

/*Data for the table `rooms` */

insert  into `rooms`(`ROOM_ID`,`CATEGORY_ID`,`ROOM_PRICE`,`IS_USABLE`) values 
('A0101','C01',100000,1),
('A0102','C02',125000,1),
('A0103','C03',150000,1),
('A0104','C04',175000,1),
('A0105','C05',200000,1),
('A0106','C06',225000,1),
('A0107','C07',250000,1),
('A0108','C08',250000,1),
('A0109','C09',275000,1),
('A0110','C10',300000,1),
('B0101','C01',325000,1),
('B0102','C05',315000,1),
('nixon','C05',50000,1);

/*Table structure for table `staffs` */

DROP TABLE IF EXISTS `staffs`;

CREATE TABLE `staffs` (
  `STAFF_ID` varchar(4) NOT NULL,
  `STAFF_NAME` varchar(64) NOT NULL,
  `STAFF_EMAIL` varchar(64) NOT NULL,
  `STAFF_PHONE` varchar(13) NOT NULL,
  `STAFF_IS_ACTIVE` tinyint(1) NOT NULL,
  `STAFF_IS_MANAGER` tinyint(1) NOT NULL,
  `STAFF_USERNAME` varchar(32) NOT NULL,
  `STAFF_PASSWORD` varchar(255) NOT NULL,
  PRIMARY KEY (`STAFF_ID`)
) ENGINE=InnoDB DEFAULT CHARSET=utf8mb4 COLLATE=utf8mb4_general_ci;

/*Data for the table `staffs` */

insert  into `staffs`(`STAFF_ID`,`STAFF_NAME`,`STAFF_EMAIL`,`STAFF_PHONE`,`STAFF_IS_ACTIVE`,`STAFF_IS_MANAGER`,`STAFF_USERNAME`,`STAFF_PASSWORD`) values 
('S001','Roy Evan','roy.e22@mhs.istts.ac.id','81365985634',1,1,'royevn','roiii123'),
('S002','Nixon Ignasius','nixon.i22@mhs.istts.ac.id','81356842250',1,0,'nxnign','nixxx123'),
('S003','Albert Valentino','albert.v22@mhs.istts.ac.id','81365478211',0,0,'albert','albert123'),
('S004','Rian Bla','rian@gmail.com','',0,0,'rian','rian123');

/*Table structure for table `vouchers` */

DROP TABLE IF EXISTS `vouchers`;

CREATE TABLE `vouchers` (
  `VOUCHER_ID` varchar(12) NOT NULL,
  `FACILITY_ID` bigint(5) NOT NULL,
  `VOUCHER_NAME` varchar(64) NOT NULL,
  `VOUCHER` bigint(20) NOT NULL,
  `DATE_START` date NOT NULL,
  `DATE_END` date NOT NULL,
  PRIMARY KEY (`VOUCHER_ID`)
) ENGINE=InnoDB DEFAULT CHARSET=utf8mb4 COLLATE=utf8mb4_general_ci;

/*Data for the table `vouchers` */

insert  into `vouchers`(`VOUCHER_ID`,`FACILITY_ID`,`VOUCHER_NAME`,`VOUCHER`,`DATE_START`,`DATE_END`) values 
('DSC0001',1,'Disc Ext Bed Baby',10000,'2024-05-01','2024-05-31'),
('DSC0002',2,'Disc Ext Bed Single',10,'2024-05-01','2024-05-31'),
('DSC0003',30,'Voucher Ujian',100000,'2024-05-28','2024-05-31'),
('DSC0004',10,'Voucher Ujian',101,'2024-05-28','2024-05-31');

/* Trigger structure for table `bills` */

DELIMITER $$

/*!50003 DROP TRIGGER*//*!50032 IF EXISTS */ /*!50003 `roomstatus_checkin` */$$

/*!50003 CREATE */ /*!50017 DEFINER = 'root'@'localhost' */ /*!50003 TRIGGER `roomstatus_checkin` AFTER INSERT ON `bills` FOR EACH ROW UPDATE rooms SET rooms.IS_USABLE = 0 WHERE rooms.ROOM_ID = new.ROOM_ID */$$


DELIMITER ;

/* Trigger structure for table `bills` */

DELIMITER $$

/*!50003 DROP TRIGGER*//*!50032 IF EXISTS */ /*!50003 `roomstatus_checkout` */$$

/*!50003 CREATE */ /*!50017 DEFINER = 'root'@'localhost' */ /*!50003 TRIGGER `roomstatus_checkout` AFTER UPDATE ON `bills` FOR EACH ROW UPDATE rooms SET rooms.IS_USABLE = 1 WHERE rooms.ROOM_ID = new.ROOM_ID */$$


DELIMITER ;

/*!40101 SET SQL_MODE=@OLD_SQL_MODE */;
/*!40014 SET FOREIGN_KEY_CHECKS=@OLD_FOREIGN_KEY_CHECKS */;
/*!40014 SET UNIQUE_CHECKS=@OLD_UNIQUE_CHECKS */;
/*!40111 SET SQL_NOTES=@OLD_SQL_NOTES */;
